galery/img1.jpg,24/12/2015,Evento_Fin_Año_1
galery/img2.jpg,25/12/2015,Evento_Fin_Año_2
galery/img3.jpg,26/12/2015,Evento_Fin_Año_3
galery/img4.jpg,27/12/2015,Evento_Fin_Año_4
galery/img5.jpg,28/12/2015,Evento_Fin_Año_5
galery/img6.jpg,29/12/2015,Evento_Fin_Año_6
galery/img7.jpg,30/12/2015,Evento_Fin_Año_7
galery/img8.jpg,31/12/2015,Evento_Fin_Año_8
galery/img9.jpg,1/1/2016,Evento_Fin_Año_9
galery/img10.jpg,2/1/2016,Evento_Fin_Año_10
galery/img11.jpg,3/1/2016,Evento_Fin_Año_11
galery/img12.jpg,4/1/2016,Evento_Fin_Año_12
galery/img13.jpg,5/1/2016,Evento_Fin_Año_13
galery/img14.jpg,6/1/2016,Evento_Fin_Año_14
galery/img15.jpg,7/1/2016,Evento_Fin_Año_15
galery/img16.jpg,8/1/2016,Evento_Fin_Año_16
galery/img17.jpg,9/1/2016,Evento_Fin_Año_17
galery/img18.jpg,10/1/2016,Evento_Fin_Año_18
galery/img19.jpg,11/1/2016,Evento_Fin_Año_19
galery/img20.jpg,12/1/2016,Evento_Fin_Año_20