images_news/img1.jpg,1001,Foto1,Foto Evento FIM
images_news/img2.jpg,1001,Foto2,Foto Evento FIM
images_news/img3.jpg,1001,Foto3,Foto Evento FIM
images_news/img4.jpg,1001,Foto4,Foto Evento FIM
images_news/img5.jpg,1001,Foto5,Foto Evento FIM
images_news/img6.jpg,1001,Foto6,Foto Evento FIM
images_news/img7.jpg,1001,Foto7,Foto Evento FIM
images_news/img8.jpg,1001,Foto8,Foto Evento FIM
images_news/img9.jpg,1001,Foto9,Foto Evento FIM
images_news/img10.jpg,1001,Foto10,Foto Evento FIM
images_news/img11.jpg,1001,Foto11,Foto Evento FIM
images_news/img12.jpg,1001,Foto12,Foto Evento FIM
images_news/img13.jpg,1001,Foto13,Foto Evento FIM
images_news/img14.jpg,1001,Foto14,Foto Evento FIM
images_news/img15.jpg,1001,Foto15,Foto Evento FIM
images_news/img16.jpg,1001,Foto16,Foto Evento FIM
images_news/img17.jpg,1001,Foto17,Foto Evento FIM
images_news/img18.jpg,1001,Foto18,Foto Evento FIM
images_news/img19.jpg,1001,Foto19,Foto Evento FIM
images_news/img20.jpg,1001,Foto20,Foto Evento FIM